title	is_fake
роскомнадзор представить реестр сочетание цвет нежелательных россия	1
ночь минск президентский гора беларашмор пик демократия внезапно появиться лицо николай лукашенко	1
бывший спичрайтер юрий лозы рассказать трудность работа сергей шойгу	1
сельский церковь собрать рекордно низкий количество пожертвование сгореть тройной попадание молния	1
акция google рухнуть объявление перезапуск rutube	0
курс доллар вырасти исторический максимум	0
опек назвать оптимальный уровень цена нефть	0
российский авиакомпания открыть рейс тбилиси урал	0
швейцарский горнолыжница расстрелять дом родитель	0
учредить театральный премия имя гарольд пинтера	0
песков опровергнуть информация слияние минфин минэкономразвития	0
рамка акция ёлка желание министр наука высокий образование исполнить мечта алиса тепляковой подарить красный диплом мгу	1
главный злодей сериал этерна сыграть роман мадянов	0
таркан признаться употребление кокаин	0
екатеринбург завершиться процесс бесами	0
дэниел крейг поселиться дом призрак	0
новый тренер спартак покинуть клуб конец год	0
биткоин затмить ким кардашьян	0
фон сообщение победа единый россия выбор госдума немецкий индекс dax упасть рекордно низкий уровень	1
илларионов призвать сменить россия государственный устройство	1
суд приговорить навальный трём год домашний арест сизо1	1
роберт стуруа согласиться перейти театр александр калягин	0
слуцкий оценить соперник цска лига чемпион	0
tequilajazzz представить журнал живой икре	0
весь член кпрф обязанный принять православие сентябрь 2021 год	1
лонглист премия нос войти эдуард лимонов саша соколов	0
невакцинированные гражданин смочь проголосовать выбор госдума	1
назвать лауреат финансовый элита россия пять год	0
нафтогаз украина выплатить часть долг газ	0
чиновник сдать егэ конституция	1
майкл джексон дать серия концерт лондон	0
2022 год номер россия евровидении будут утверждаться госсовет	1
суд казань признать вкладчик finiko невменяемый отправить принудительный лечение	1
дональд трамп открыть счёт сбербанк	1
ubisoft выпустить антология серия assassins creed	0
писатель рассказать отношение люк скайуокера гей	0
учёный записать музыка древний звезда млечный путь	0
время учение рига солдат нато распяли русскоговорящего мальчик	1
козак найти россия островок стабильность	0
мэрдок отказаться инвестиция российский телебизнес	0
контрабандист попытаться вывезти россия партия артиллерийский снаряд вид глушитель tesla	1
грузия найти 780 голос трамп отдать президентский выбор сша	1
конфликтный ситуация вокруг оао зангас исчерпана	0
christies устроить экологический аукцион	0
россия запретить репетиторство	1
apple заблокировать iphone артемия лебедев публикация ложный материал юлия навальный	1
конституционный суд признать недействительный манифест отмена крепостной право	1
чтение молитва отче наш скорость войти обновлённый список норматив гто	1
показать мумия древний чиновник	0
пётр толстой победа думский выбор вернёт потомственный дворянство	1
русский галерея искусство провести аукцион жанровый живопись	0
правительство назвать причина нехватка инновация дорогой нефть	0
илья ковальчук получить травма колено	0
росатом построить аэс афганистан	0
анонсирован медиаплеер 3dдисплеем	0
гендиректор ryanair поблагодарить белоруссия образцовый отработка сигнал борт самолёт	1
заместитель мэр латвийский город пожаловаться невозможность реабилитация нацизм	1
обзор рынок google потерять цена	0
неделя московский квартира подорожать процент	0
спартак пропустить четыре мяч краснодар чемпионат россия	0
госдума мочь приравнять имя нацистский преступник нецензурный брань	1
майкл джексон попрежнему делить постель ребёнок	0
хороший коньяк мир дагестанский париж найти неизвестный письмо наполеон	1
минпросвещения поддержать необходимость создание список неблагонадёжный подросток	1
уилл феррелл помочь офис пережить уход стив карелла	0
пользователь youtube премиумподписки смочь смотреть реклама	1
белоруссия задержать группа кавказец пытаться вид сирийский беженец попасть польша	1
суд оправдать водитель который ехать закрытый глаз видеть новокузнецк	1
организатор бой ибрагим холифилд привезти путин чемпионский пояс	0
петербург открыться музей сосулек	0
игра книга джейн остин собрать деньга	0
горбушка пообещать microsoft окончательно избавиться пират	0
назвать россия виновник снижение мировой запас нефть	0
денис мантуров сообщить возрождение лёгкий промышленность россия	0
казахстан ограничить продажа российский водка пиво	0
гражданин московский прописка временно запретить пользоваться столичный метро	1
гонщик nascar назвать свой бывший девушка наёмный убийца	0
скончаться гитарист ramones джонни рамон	0
богатый человек мир потерять миллиард доллар день	0
омск создать центр ремонт модернизация танк	1
кубок кремль остаться первый ракетка	0
зенит согласовать трёхлетний контракт лионелем месси	0
мосарбитраж оставить арест акция дочерний компания юкос	0
мексика прекратить поставлять россия грузовик зил130 изза санкция сша	1
производство иномарка россия вырасти втрое десять год	0
минздрав разработать методика лечение гомосексуализм	1
сборная белоруссия футбол отказаться турнир эгида уефа польза первенство азия	1
пермь открыть курс моэлей искать молодёжь	0
мавзолей состояться плановый учение вынос тело ленин	1
вмф россия отказаться аварийный система пожаротушение атомный субмарина	1
олег дерипаска пригласить сергей лавров настя рыбка совместный путешествие яхта	1
украина запретить импорт птица россия	0
фсин забрать долг гонорар скопинский маньяк	1
найти самая благоприятный жизнь экзопланета	0
сomics представить новый супергероя крепкий орешек	0
пожаловавшуюся ржавый вода изпод кран пенсионерка отключить водопровод	1
женщинвоеннослужащих начать изымать неуставной бюстгальтер	1
общественник предложить разрешить многожёнство отдельный регион россия	1
настоящий воровство чубайс предложить пересмотреть итог грабительский приватизация жильё	1
коммунист заложить первый камень фундамент храм место покушение виленин	1
работник deutsche telekom начать первый забастовка последний год	0
студент экономический вуз будут объяснять принцип инвестирование пример сказочный герой	1
место поджог газохимический комплекс новый уренгой задержать николай десятниченко	1
леонид меламед официально стать гендиректор мтс	0
эротический 3dфильм гаспар ноэ выйти российский прокат	0
мчс начнёт рассылать смссообщения информация помощь другим страна	1
американский актёр подать суд википедия	0
капков попросить москвич недорогой идея городской праздник	1
самовольно расчищавшего дорога тракторист обвинить воровство снег	1
вакцина еврей мордовский врач хитрость вакцинировать целый район	1
лукашенко лишить мисс беларусь звание майор кгб смочь отличить роторный жатка обмолот	1
гибдд определить перечень музыка разрешить прослушивание автомобиль	1
россиянин массово вызывать скорый помощь поздравить врач профессиональный праздник	1
apple запустить кампания обмен зарядный устройство	0
ультраправый консерватор потребовать уменьшить сумма компенсация семья джордж флойда миллион доллар	1
лидер нхл проиграть второй матч подряд	0
минюст признать сколково иностранный агент	1
российский купило крупный металлургический комбинат хорватия цент	0
китайский провинция проходить шествие карнавал честь второй годовщина пандемия коронавирус	1
цена сотня низкий рублёвском шоссе министр экономический развитие обвинить регион демпинг	1
лейтенант тайлер подводный лодка u571 сражаться дракон	0
санктпетербурге пройти фестиваль аудиовизуальный искусство yota space	1
активист black lives matter выйти улица европейский столица портрет президент чад	1
снятие наличных россиянин доступный предъявление qrкода	1
вместе wtc погибнуть православный церковь	0
международный союз биатлонист обвинить сокрытие допингпроб россиянин	1
борьба кризис чиновник потратить 342 миллиард рубль	0
армстронг обвинить употребление допинг весь велогонщик	0
индекс ртс подняться максимум сентябрь 2008 год	0
2001 год пенсия россия возрасти процент	0
time включить александр лукашенко список самых влиятельный человек мир	1
сша потерпеть первый поражение чемпионат мир хоккей	0
первый канал предложить ваенге представить россия евровидении	1
фуркад призвать ibu наказать уличить употребление допинг россиянин	1
армения попросить россия банк миллиард доллар	0
ракета тополь поразить цель казахстан	0
глава сухой признать задержка поставка superjet	0
детский мероприятие ельцинцентре устроить поедание кекс изображение сталин	1
умереть партнёрша рудольф нуреева легенда балет иветт шовире	0
учебник математика появиться глава посвятить сталинградской битва	1
железнодорожный тариф будут единый весь	1
школьница родить ребёнка выпуск получить дополнительно балл егэ	1
горечь потеря россия сирия навеять мысль калмыкия	0
россиянин разрешить брать продукт мусорный контейнер предъявление пенсионный удостоверение	1
великобритания появиться пять двойник газпром	0
нхл профсоюз игрок подписать завершить локаут меморандум	0
полиция разыскивать сто шаман идти сторона москва	1
эксперт указать неназначенный ворота спартак пенальти матч цска	0
россия начать разработка универсальный артустановки вдв	0
мвд опубликовать список нежелательный тема шутка разошлет юморист	1
вода которой польский пограничник поливать мигрант найти новичок	1
актёр фёдор добронравов попасть больница	0
оак оставить единственный покупатель ту214	0
алтайский край пройти митинг возобновление продажа лес китай	1
рядом тело джон макафи обнаружить визитка касперский	0
мвд белоруссия возбудить уголовный дело против гитлер срыв посевной уборочный	1
россия ввести штраф хранение ртутный градусник	1
москва передать капотню тамбов	1
мгту бауман назвать честь сергия радонежского	1
пётр толстой предложить май светить фонарик защита ветеран	1
суд оправдать официант подмешивавших вакцина covid19 пиво посетитель бар	1
мутко опровергнуть наличие мельдония допингпробах футболистка сборная россия	0
apple замедлить смартфон белый пользователь	0
манижа выступать евровидение нейтральный флаг	1
русский язык убирать слово необходимый оппозиционный деятельность	1
европа решить угода сша перейти американский газ	0
роман абрамович купить лондонский футбольный клуб челси	0
halo оказаться прибыльней человекапаука гарри поттер	0
основатель eidos montreal покинуть студия	0
скончаться ветеран пентагон создать плеяда анекдот чапаев	1
ким чен подарить александр лукашенко бронепоезд международный поездка	1
эколог весь мир заговорить угроза глобальный похолодание	0
свободный страна лукашенко заявить мочь запретить человек гулять около польский граница	1
пентагон попытаться сбить сойти орбита спутник февраль	1
омон разогнать митинг поддержка сотрудник омон	1
подарочный карта itunes разрешить оплачивать яндексденьгами	0
сбербанк добавить караоке мобильный приложение	0
спикер парламент сообщить начало период распродажа место госдума	1
китайский государственный корпорация развитие выкупить сша заморозить 1990х год доменный зона сибирь	1
начальник полиция нижневартовск уволить раскрытие школьник уязвимый место омон	1
россия запретить майонез	1
аккредитация панорама госдума новый приключение петров боширова борьба чешский угроза запрет алкоголь майский праздник наш еженедельный рубрика панорама неделя	1
еспч обязать роскомнадзор ускорить twitter месяц	1
компания россия прийтись вернуть миллиард доллар долг месяц	0
гранпри фестиваль крок получить французский мультфильм	0
россия оставить закрыть тема зст украина	0
станислав черчесов возглавить список родина выбор госдума	1
борьба глобальный потепление признать экономически невыгодной	1
лёд антарктиды найти замороженного человек форма ефрейтор третий рейх	0
аргентинский провинция найти похитить скрипка страдивари	0
спасатель найти обломок самолёт певица риверы	0
рпц назначить максим шевченко новый архиерей бакинский епархия	1
мэа спрогнозировать рост цена нефть 2017 год	0
околоземный пространство предложить чистить лазер	1
российский олимпиец впервые 1988 год приставить компетентный сотрудник	1
британский легкоатлетка выиграть тысяча девять доллар	0
лебеди покрышка балконсклад отсутствие толерантность другие полезный лайфхак необразованный запад	1
путин представить кандидатура набиуллиной назначение глава второй срок	1
доллар упасть ниже рубль	0
днк возьмется тёмный материя	0
россия помочь филиппинам пережить война персидский залив	0
американский психопат превратить бродвейский мюзикл	0
московский проститутка обязать тестировать клиент covid19	1
раен установить израиль управляться еврей	1
улица посольство сша москва переименуют честь харви освальд	1
учёный оценить число разумный цивилизация вселенная	0
китай снимать запрет поедание сырой летучий мышь вакцинировать covid19	1
китайский снизить базовый ставка борьба кризис	0
обладатель русский букер приравнять нобелиатам	0
россия мочь вернуть раздельный обучение школа	1
балл россия евровидении будут распределить пострадавшими действие страна	1
газпром объявить тариф бесплатный газификация частный дом	0
новый адвокат навальный попросить суд изменить условный наказание реальный	1
маразм крепчать дмитрий киселёв показать документальный фильм старческий деменции байдена	1
навальный приобрёл вилла берег озеро комо	1
россиянин обязать пересдавать водительский право каждый год	1
изза авария деньгохранилище норникеля озеро пясино попасть миллиард рубль	1
московский школа закупить тренажёры кегеля урок физкультура	1
глава итальянский партнёр сухой арестовать взятка	1
екатеринбург врач отрезать нога пациент ветрянка затем провести уникальный операция пришивание	1
microsoft обнародовать цена дата релиз консоль xbox one	0
московский власть подарить ветеран май бесплатный билет экстримпарк	1
посольство кндр требовать изменить дизайн противопожарный плакат изза недопустимый намёк	1
голодец попросить путин повысить мрот	0
глава отдел внешний сношение рпц провёл крестный ход против коронавирус ницца	1
связь беспрецедентный туман сергей лавров пригласить президент польша посетить москва	1
белоруссия отказаться вводить альтернативный торг валюта	0
плесневый гриб оказаться способный секс	0
налоговик россия австралия обещать обирать олимпиец	0
вциом большинство россиянин высказаться увеличение пенсионный возраст	1
владимир путин пообещать константину цзю помочь издание книга	0
пенсионный фонд стать наследник первый очередь	0
ibm представить интеллектуальный корпоративный информационный система	0
акция sothebys месяц упасть процент	0
минсельхоз ограничить экспорт ячмень пошлина	0
западный технология разложение россия шоу соловьёв призвать отказаться идея демократия	1
спартак предложить романцев остаться	0
центр гамалея запустить москва мобильный пункт вакцинация гамваген	1
астронавт шаттла индевор завершить второй выход открытый космос	0
волонтёр перепись население разрешить вскрывать дверь	1
американский футболистка обвинить домогательство 81летнего блаттер	0
бретт ратнер отказаться продюсировать церемония вручение оскар	0
глава российский погранслужбы сообщить полный готовность наплыв беженец европа	1
мадридский золотой треугольник искусство установить рекорд	0
дума утвердить список веский причина преклонение колено территория	1
карякин проиграть первый матч чемпионат мир рапид блиц	0
обнаружить новый тип липовый бюро кредитный история	0
посольство узбекистан мешать борис акунин въехать страна	1
сотрудник фбк проверить причастность исчезновение александр мураховского	1
борьба клещевой энцефалит россия увеличить вырубка лес	1
пенсионер получить подарочный карта выбор готовиться штурмовать свердловский облизбирком	1
испытание роботокомлекса турель днр попасть видео	0
клуб болельщик динамо прекратить приём новый член	0
google извиниться баг исчезновение израиль сервисный карта компания	0
ульяновский область ребёнок получить овощной корзина вместо сладкий подарок	1
москва похоронить людмила гурченко	0
польский школа запретить изучать деление	1
европа пригрозить греция экономический санкция	0
роскосмос анонсировать перестройка космодром восточный tiktokхаус	1
россия законодательный уровень запретить критиковать цена	0
партия запретить миллиард китаец смотреть анджелина джоли	1
роскосмос планировать перейти пуск minecraft	0
рогозин пообещать распилить мкс затопление океан	0
определиться четвертьфинальный пара хоккейный турнир олимпиада	0
подлодка тип щука доставить утилизация нидерландский судно	1
велосипедист страховой полис ответить закон	0
четвёртый фильм гарри поттер показать сразу формат	0
россия наращивать поставка ракета класс землявоздух турция	1
влияние мобильный телефон рак показать крысах	0
роуэн аткинсон сыграть боширова сериал netflix прага солсбери	1
начаться работа бродвейский мюзикл кингконге	0
нурмагомедов выдвинуть ufc ультиматум	0
плющенко устроить дрифт снегоход	0
правнук берии подать иск плагиат создатель аниме тетрадь смерть	0
росатом опровергнуть слух ограничение коммерческий поставка уран сша	0
банк россия резко поднять курс доллар евро	0
описать механизм уничтожение абориген экосистема америка	0
создатель весёлый ферма сделать игра ёлочный украшение	0
гимнастка узбекистан поехать чемпионат мир спасти больной сын	0
нападение байдена россия годовщина крымский весна демонтаж камера фиксация нарушение пдд рублёвка русский борщ наш еженедельный рубрика панорама неделя	1
милан кундера стать почётный гражданин брно	1
украина найти средство расчёт газпром	0
фас изучить пасьянс косынка предмет возникновение нерешаемый расклад	1
мария шарапов выиграть первый турнир сезон	0
футболист арсенал выбыть строй конец сезон	0
еспч признать нежелательный организация территория	1
каспаров крамник догонять широва	0
мок включить программа зимний олимпиада четыре новый дисциплина	0
спартак стать победитель турнир efes pilsen cup	0
нефть дорожать изза холод сша	0
переезд рублевоуспенского шоссе установить шлагбаум поезд	1
китайский фанат напасть тренер футбольный сборная	0
приостановка полёт японский лайнер мечта обвалить акция boeing	0
полицейский хабаровский край изъять остров принадлежать китай 2016 год	1
гонкуровский премия достаться афганский писатель	0
сайт фсин появиться вакансия палач	1
минпросвещения объявить отмена выходной школьник майский праздник	1
курган начать подбрасывать отрава мусорный бак борьба пенсионер растаскивать мусор	1
длинный список бунинский премия войти книга	0
лукашенко приказать отправить белорусский футболист урановый рудник	1
работать время нерабочий день москвич принудительно вакцинировать коронавирус	1
концерт океан ельзи петербург найтись площадка	0
это всё начинаться яровой предложить запретить россиянин покупать виртуальный оружие игра	1
трамп отчитаться экономический победа китай	0
ношение символика фбк ввести уголовный ответственность	1
реал включить футболист сборная россия заявка лига чемпион	0
должный каждый субъект федерация минобороны планировать увеличить количество суворовский училище	1
мария бутин смочь избираться госдума изза судимость	1
минздрав дефицит чип пока склад заполнить запас	1
минфин предложить уволить каждый пятый федеральный чиновник	0
трансгендер участвовать захват капитолий оправдать выпустить свобода	1
дочка рособоронэкспорта заняться авиаперевозками	0
учитель обязать заплатить налог каждый подарить букет	1
эминема пригласить церемония введение зал слава рокнролла	1
минэкономразвития дать свой оценка спад промпроизводство октябрь	0
грета тунберг подать суд стокгольмскую тэц изза сосулек свой квартира	1
отец нурмагомедова простить макгрегора	0
электронный воннегут опередить бумажный	0
кубок федерация теннис выиграть итальянка	0
дональд трамп заблокировать счёт сбербанк	1
вциом процент российский феминистка лишь притворяться феминистками	1
москва signal dome выступить ancient methods	0
дефицит бюджет сша достигнуть 666 миллиард доллар	0
итальянский фирма cristofari опровегла информация туалетный ёршик 700 евро	0
blizzard анонсировала игра diablo iii	0
американский аналитик набиуллина мешать порвать нам клочья российский экономика	1
роскомнадзор уберёт учебник история изображение шарль голля	1
спортивный директор рфс стать николай писарев	0
выйти первый трейлер новый фильм вачовски	0
акция apple побить исторический рекорд	0
ющенко обвинить россия монополизация рынок ядерный топливо	0
несовершеннолетним запретить перекрашивать волос	0
победить медведев российский фигуристка вновь стать лидер гранпри	0
честь 30летнего юбилей екатеринбургский метрополитен подарить храм	1
вкс россия просьба запрещённой террористический группировка талибан провести антитеррористический операция против мятежник панджшерском ущелие	1
время наводнение крым признавать украинским	0
певица manizha стать облик россия вднх	0
генетик научиться считать молекула днк рнк	0
еврокомиссар назвать российский газовый сектор неподходящий санкция	0
киев обратиться юнеско просьба получить право называть борщ украинским	1
мвд пообещать март реагировать весь сообщение домашний насилие женщина отношение мужчина	1
иллюстрация книга винни пуха выставить аукцион	0
объявить дата начало продажа россия самого тонкий смартфон	0
евровидение выделить квота призовой место чернокожий исполнитель	1
социальный сеть вконтакте отказаться текстовый ввод	1
лидер манчестер юнайтед разбить лицо матч ромой	0
шойгу обратиться новогодний поздравление россиянин киев	1
россия ввести штраф кашель чихание общественный место	1
северокорейская вона стать первый новый история валюта полностью обеспечить золото	1
уход киров победа подорожать железнодорожный билет	0
британский армия получить новый эвакуаторы	0
работник государственный предприятие разрешить выдать годовой премия спиртной напиток	1
пётр боширов стать член общественный палата россия	1
умереть бывший тренер сборная италия энцо беарзот	0
знаменитый бразильский футболист ромарио объявить розыск	0
россия учредить день работник сайт госуслуга	1
решение возвращение государство столичный водка вступить сила	1
2021 год объявить год право свобода человек россия	1
зенит разгромить тульский арсенал первый тур чемпионат россия	0
тимченко разрешить вложиться краснодарский яблоко	1
потерять лунный камень обнаружиться кабинет губернатор гавайев	1
минюст объявить ликвидация основать вилениным общество чистый тарелка	1
рпц предложить перенести новый год январь	1
квентин тарантино объявить наследник эдисон	0
ангела меркель предложить выплатить пенсионер военный 2000 евро накануне выбор бундестаг	1
правильно говорить здешний институт русский язык утвердить новый название тутовый шелкопряд	1
микроавтобус уаз 2022 год получить освещение салон	1
санктпетербург вводить qrкоды посещение пункт вакцинация	1
projekt red опровергнуть прекращение разработка серия ведьмак	0
хакерский конкурс взломать iphone galaxy iii	0
создатель восстать сделать римейк	0
великобритания предложить обменять навальный скрипаля	1
сбербанк выдавать потребительский кредит смена пол	1
lexus объявить создание летать доскиховерборда	0
элайджа вуд помочь вина дизель охота ведьма	0
акция зао российский федерация восстанавливаться фон окончание протест	1
обзор рынок акция microsoft подешеветь шесть процент	0
станислав черчесов готовый возглавить сборная англия	0
оскар 2007 сценарист маленький мисс счастие признать хороший	0
форсирование наука метод поднятие колено	0
хороший мать корея поместить банкнота	0
министерство просвещение запретить перегородка школьный туалет	1
новогодний выходной сократить день	1
сибирь запретить весь непищевой продукция спирт	1
комитет госдума шахматам дать правовой оценка ход непомнящего партия магнус карлсеном	1
праймериз единый россия зарегистрироваться полмиллиона сторонник навальный	1
регистрация twitter россиянин автоматически подписать аккаунт навальный	1
назвать лауреат премия триумф 2002 год	0
фестиваль kubana выступить михаил боярский	0
новый альбом эми уайнхаус выйти декабрь 2011 год	0
россия появиться новый категория льготник ребёнок 90х	1
правительство распорядиться выплата старый вклад	1
марсианский сера найти след жизнь	0
мок обосновать пожизненный отстранение олимпийский чемпион сочи зубков	0
жириновский закончить встреча избиратель лозунг единый россия	1
чиновник передать недоеденные продукт новогодний банкет пенсионер многодетный семья	1
рифмы неделя	0
глазоньки узковаты цвет кожа белый байден исключить японец список угнести	1
gearbox software перезапустить дюк нюкема	0
апрель премьера марихуанной комедия спасти грейс	0
игорь коротченко дать американец пинок зад	0
неизвестный передать пропасть портрет выставка	0
2009 год рвсн запустить баллистический ракета	0
американец ошибка отсидеть год плевок полицейский выплатить 1000 доллар	1
российский фигуристка попасть рот муха время танец	0
путин байден договориться следующий встреча вилла геленджик	1
пентагон подарить аркадия бабченко февраль час катание танк абрамс	1
самолёт джо байдена прилететь встреча путин белоруссия	1
авианесущего крейсер адмирал кузнецов похитить защита дурак	0
мвф искать мошенник которые вид сотрудник центробанк выманить млрд доллар	1
чемпионат турция приостановить изза обстрел автобус фенербахче	0
россиянин обрушить цена iphone	0
газ перестать выпускать автомобиль марка соболь	1
победа сборная россия лишить дмитрий маликов волос	1
новый часть wwe выпустить октябрь	0
выход grand theft auto снова отложить	0
экономика расти медленнее сша быстрее япония	0
британец подготовить испытание подводный лодка новый поколение	0
рамка совместный проект минкульта минюст судебный заседание будут проходить классический музыка	1
имущество разоблачить гомосексуалист мочь передать соседямдоносчикам	1
минобороны обеспокоить нехватка россия памятник маршал жуков	1
президент иностранный государство российский сми 2022 год будут называть глава республика	1
алексей навальный проверить причастность убийство борис немцов	1
барнаул осудить пенсионер назвать российский флаг власовской тряпкой	1
химфак мгу начнёт подготовка барист	1
челси воспользоваться осечка манчестер юнайтед	0
google подать кассационный жалоба решение судно польза фас	0
россия отменить право отказ прививка создать вооружённый прививочный патруль	1
футболист променять барселона вино китай	0
100 гражданин россия подать заявление смена фамилия навальный	1
медведев назвать условие сокращение расход бюджет 2009 год	0
россия провести месячник борьба бедность	0
белый американец откачают вакцина польза чернокожий азиат	1
рэпер face объявить враг государство сравнить россия зона	0
александр емельяненко нокаутировать бразилец раунд	0
ikea предоставить российский однополый пара скидка	1
формироваться звёздный система идти дождь	0
акция pandora рухнуть процент	0
игра мотив новый фильм выйти топ app store премьер	0
священник будут привлекать ответственность недостаточно качественный освящение космический объект	1
youtube заблокировать каждый десятый канал русский язык	1
сша подросток раскопал свыше 200 могила год превратить обитатель зомби	1
казахстан открыться первый концентрационный лагерь перевоспитание насвау	1
бывший совладелец эльдорадо пожаловаться фридман альфабанк	0
это моральный победа явлинский поблагодарить весь сторонник навальный голосовать яблоко	1
аэрофлот покупать самолёт а320	0
госжилинспекция начнёт штрафовать россиянин ковёр висеть стена	1
байден исключать возможность проведение тайный инаугурация	1
терешков предложить законопроект позволять президент назначать депутат госдума	1
disney переименует дональд дака джозефа	0
россия изза критика передумать отправлять manizha евровидение вместо неё поехать группа васи ложкина эбонитовый колотун	1
sony анонсировала скорострельный 3dвидеокамеру	0
россиянин рассказать преимущество рапсовый масло оливковый	1
минобрнауки запретить выдавать аттестат выпускник сертификат прохождение вакцинация против коронавирус	1
сибирь закрыться единственный завод производство палочка мороженое	0
готовый предоставить безвизовый режим российский иностранный агент	1
предзаказ stalker вывести украинский госбюджет профицит итог 2020 год	1
американский фондовый индекс вырасти	0
россия помочь иран восстановить работа час отсчитывать время уничтожение израиль	1
оклахома выйти финал плейофф нба	0
задержать митинг будут принудительно прививать коронавирус	1
курс евро превысить отметка цент	0
ран рекомендовать историк воздержаться упоминание национальность деятель гражданский война	1
ios автоматически удалять телефон неприемлемый контент	1
голодец сообщить подробность пенсионный реформа	0
дума составить список требование настоящий россиянин	1
госдума ратифицировать договор техпомощь оон	1
дтп нигерия погибнуть футболист	0
советский человек мочь взять интернационал зюганов заявить решающий роль советский образование победа team spirit	1
yakuza появиться новый город	0
биолог найти способ остановить старение сердце	0
пенсионер выплатить 500 рубль обещание смотреть расследование володине	1
минстрой предложить уравнять стоимость недвижимость москва регион	1
холифилд провести бой 45летним датчанин	0
приток капитал россия конец год превысить вывоз миллиард доллар	1
газпром договориться shell добыча углеводород арктика	0
бюджетник добавившие карта мир iphone будут лишить льгота	1
памфилов рассказать позволить украсть победа путин 2018 год	1
2005 год джулия робертс двойня друг оушена	1
играть против россия компьютерный игра запретить избираться депутат	1
доказать смертельный опасность соль	0
российский продажа metal gear solid начаться вечер июнь	1
китай скопировать российский истребитель су27	0
национальный академия наука сша сотрудничать голливуд	0
астроном предлагать изменить определение астрономический единица	0
нидерланды распродавать часть парк f16	0
робин уильямс успеть завершить работа четыре новый фильм	0
член казачий сообщество освободить плата услуга вытрезвитель	1
вакцина еврей уйти свадьба жених юбилей компартия кнр остроумный ответ путин наш традиционный рубрика панорама неделя	1
житель тула ошибка выдать qrкод алкоголизм	1
получение paypal лицензия подтвердиться	0
белоруссия заблокировать youtube отказ продвигать тренд двухчасовой фильм план запад срыв посевной	1
главный тренер сборная россия волейбол стать серб зоран гайич	0
минпромторг разрешить российский производитель клеить свой бутылка этикетка moët chandon hennessy	1
iphone simкарты россия продавать будут	1
мок объявить перенос олимпиада токио геленджик	1
приток средство российский пифы вырасти втрое	0
улюкаев допустить пересмотр прогноз экономический развитие россия	0
россиянин призвать реагировать бурно падение курс рубль	0
программа квартирный вопрос провести реновация подвал скопинский маньяк	1
посещение краснодарский край турист обязать носить красный звезда	1
ростовский психиатр пытаться помочь юноше возомнить владимир соловьёв	1
инвестор начать платить 155 доллар баррель нефть	0
чиновник предложить принудительно утилизировать японский авто изза несоответствие российский стандарт качество	1
мчс подтвердить запрет использование свеча геморрой жилой помещение	1
александр лебедев уволиться собственный банк	0
сборная россия проиграть чемпионат мир хоккей второй матч подряд	0
терешков выступить инициатива преобразование российский империя	1
qrкоды москвич отсканируют покупка товар услуга	1
роман полански пропустить берлинский кинофестиваль	0
дизайн halo поручить создатель killzone	0
россиянин вновь захотеть ограничить энергопотребление	0
французский исследователь обнаружить древнегреческий мифах упоминание богиня бодипозитива	1
samsung провалить своевременный поставка galaxy	0
сша будут добиваться санкция против центробанк иран	0
сша разработать высокоточный метод 3dпечати стекло	0
создатель человек чёрный сделать джим кэрри гангстер	0
mgm попросить акционер деньга хоббит	0
российский учёный находиться место лишение свобода собрать научный колония	1
хороший снайпер цска покинуть команда	0
эстония запустить первый спутник	0
суд отменить дисквалификация российский легкоатлетка изза срок давность	0
зенит разгромить крыло совет	0
tesla биткоин это лохотрон чубайс раскритиковать илона маска	1
малайзия установить пулемёт ракета вертолёт a109h	0
россия захотеть вернуть иконостас соловецкий монастырь	0
цик малый количество нарушение зафиксировать участок наблюдатель	1
комитет госдума поддержать введение штраф разглашение информация увидеть митинг	1
израильский военный сбить сани санта клаус перепутать крылатый ракета	1
депутат госдума раскритиковать россиянин тяга дешёвый автомобиль	1
январь россиянин запретить использовать выгребной яма	1
талибан проспонсирует строительство главный мечеть вооружённый сила	1
генпрокуратура россия передать франция материал коррупция iaaf	1
доцент соколов осудить поступок петербуржец повесить свой портрет эрмитаж	1
сердюков признаться являться сооснователь сервис avito	1
россиянин будут штрафовать отсутствие канализация	1
нидерландский frieslandcampina прекратить выпуск сыр россия	0
швеция насильно выдать замуж уроженец дагестан	1
лубянский площадь установить памятник весь глава орган госбезопасность 1999 год	1
россия начать блокировать банковский карта слишком низкий зарплата	1
разочарование экономика сша спровоцировать рост цена золото	0
правительство решить играть против рубль	0
кеосаян снять сериал штурм дом мытищинский стрелок	1
участник зритель шоу голос прийти полиция	1
исинбаева личный деньга построить спортплощадка детейинвалидов	0
отношение youtube начать проверка предмет реабилитация нацизм	1
активный член юнармии получить статус ветеран великий отечественный война	1
римейк птица базироваться фильм хичкок	0
симеринк жертва россиянин давыденко	0
россия запретить привлекать заключённых видеофиксация пытка тюрьма колония	1
учёный обнаружить паукавегетарианца	0
кличко подвести итог бой хэем единый слово	0
должник обанкротиться банк взыскать миллиард рубль	0
лягушатник нарываться мария захаров поставить место французский провокатор затеять скандал шампанское	1
портрет путин месяц провисеть отель трамп бывать	1
пашинян приказать вернуть ноев ковчег состав флот армения	1
аналитик спрогнозировать рост акция роснефть	0
вместо дальневосточный гектар депутат госдума ошибка выделить земельный участок берег красный море	1
лесосибирский священник назвать божий кара обрушение стеллажей алкоголь склад красноярск	1
полиция разыскивать мошенник продававших qrкоды попадание рай	1
сергей гимаев назвать виновник уход набоков ска	0
роскачество наушник airpods снижать качество звук воспроизведение музыка русский язык	1
госдума принять первый чтение закон запрет отрицание исторически сложиться взгляд	1
родитель запретить будить ребёнок утро	1
39летняя жительница саратов стать первый человек земля пройти игра the sims	1
министерство просвещение советовать учитель сознательно делать ошибка проверка знание школьник	1
рамка борьба против гендерный дискриминация запретить писсуар	1
главный тренер динамо иво вортманн отправить отставка	0
победитель хойи провести бой победитель цзю	0
правительство проиндексирует минимальный размер взятка лёт 2021 год	1
цахал появиться казачий рота	1
остров русский владивосток появиться проспект цзиньпина	1
разобрать час варшава открыться магазин атрибутика лукашенко	1
законодательство предложить ввести понятие семьяиноагент	1
найти неизвестный портрет кисть веласкес	0
белорусский суд лишить комсомольский правда орден ленин	1
eads обвинить нечестный участие тендер ввс сша	0
блокировка нецензурный лексика интернет поручить рабочий металлургический предприятие	1
илон маск выкупить казахстан гагаринский старт	1
голубятня обязать получать лицензия оказание услуга связь	1
навальный деньга фбк покупать подарок чиновник обвинить коррупция	1
евросоюз собирать российский турист налог глобальный потепление	1
открытие обновить парижский филармония симфонический оркестр исполнить одну композиция моргенштерна	1
удобство хранение сбережение центробанк выпустить серия банкнота номинал 100 млн млрд рубль	1
россия получить японский кредит	0
набоков брызгалов разделить игровой время олимпиаде2010	0
саратов ветеран вов поздравить днём победа лебединый озеро	1
россия снизить пошлина четыре тысяча товар	0
румыния объявить тендер уничтожение приднестровье	0
москвич разрешить провести ночь музей	1
аркадий ротенберг заявить владеть спасский башня кремль часть алмазный фонд	1
линдсей лохан лишиться второй роль год	0
apple представить эковерсию iphone распространять упаковка	0
назвать причина новый глобальный кризис	0
группа таракан отказать въезд украина	1
google сократить 4000 рабочий место motorola mobility	0
выйти трейлер новый ёлка	0
ростуризм предложить обменять сгореть путёвка турция поездка золотой кольцо россия	1
это наш подарок съезд крестьянин таймыр первый завершить уборка картофель	1
гонка препятствие стань человеком3 пройти москва октябрь	0
путин затрудниться назвать размер зарплата сечин	0
минпросвещения предложить убрать школьный программа иностранный язык	1
гарри маркл поехать похороны свой дедушка вернуть зарплата принц	1
руководитель российский космический программа назначить мюнхгаузен	0
ведущий лингвист страна предложить изъять русский язык предлог	1
геофизик определить потерянный элемент ядро земля	0
гнилостный гриб помочь улучшить звучание скрипка	0
россия эвакуировать украинских наёмник застрять кабул луганск	1
дэниел рэдклифф объяснить свой отсутствие предпоказе спектакль гарри поттер	1
эксмо начать переговоры поглощение группа аст	0
банк поделиться биометрический данными россиянин коллекторами	0
обладатель право песня цоя подать суд вконтакте	0
dell выпускать компьютер геймер 10000 доллар	0
домодедово заявить незначительный удорожание билет повышение сбор	1
сборная россия футбол сыграть вничью котдивуаром	0
новый порядок госзакупка год сэкономить 230 миллиард рубль	0
отряд путин пригрозить выпороть ремнём маленький навальнят январь	1
карпин федун оценить результат жеребьёвка лига чемпион	0
белорус коронавирус намеренно ходившего приёмы чиновник задержать ровд	1
гейдрама сергей эйзенштейне выйти российский прокат	0
китайский космический зонд тянвэнь1 сфотографировать поместье дмитрий рогозин	1
дмитрий козак провести заседание оргкомитет российский инвестиционный форум	1
режиссёр роб коэн лишиться средневековый проект	0
телефонный гарнитура коллцентров внести список разрешить предмет передача место лишение свобода	1
столица россия официально перенести сочи	0
камера рублёвском шоссе демонтировать изза клевета чиновник	1
ведущим обновлённого поле чудо дмитрий нагиев	1
сызрань задержать шпион передавать украина сведение конструкция ракета сатана	1
отдыхать египет россиянин пожаловаться засилье иностранец курорт период пандемия	1
мэйуэзер дебютировать mma	0
илон маск посетовать невозможность ускорить выход halflife	1
обновление чип вакцинация появиться портал госуслуга	1
комедия горько сместить сталинград первый место прокат	0
росавиация разрешить включать стоимость авиабилет взлёт посадка	1
роналду расстаться мисс испания2014	0
москвич фейерверк поджечь здание посольство польша	1
acer выбрать новый президент	0
новосибирск пройти соревнование скоростной сжигание покойник	1
зампред предречь значительный рост 2016 год банковский вклад россиянин	0
самка дельфин научиться готовить еда	0
каждый россиянин установить план деторождение	0
процесс принятие решение отследить клеточный уровень	0
уличённого взятка сотрудник гибдд таганрога лишить звание маршал	1
доктор мясников призвать россиянин делать меньше вдох	1
киев купить миллиард кубометр российский газ конец неделя	0
скончаться бывший исполнительный директор русада никита камаев	0
госдума предложить продавать метро настоящий диплом вуз	1
сбербанк объявить покупка саратовский область	0
простить уралец просто редко бывать омск жириновский пересмотреть свой мнение насчёт самого тупой регион россия	1
школьник сдавать егэ история заставить написать опровержение обзор badcomedian	1
смартфон россия подешеветь процент	0
россия появиться первый улица имя фанни каплан	1
мадонна возглавить американский чарт	0
битловский фильм hard days night оцифрован заново выйти прокат	0
рэппер смочь получить премия изза пулемёт	1
фирташ решить купить остановленный тнкbp завод	0
турция передать украина купить россия комплекс с400	0
экипаж мкс задержаться орбита изза авария прогресс	0
совершить попытка захват братский лесокомбинат	0
россиянин желать вакцинироваться коронавирус будут депортировать страна евросоюз	1
верховный суд подтвердить право гражданин ссср получение бесплатный квартира	1
медведев признать ошибка пенсионный реформа	0
мошенник вид сотрудник фбк провести обыск прокурор татарстан	1
супермаркет москва ограничить продажа мясо время великий пост	1
джо байден получить медаль успех джихад	1
макрон извиниться мигрант давшим пощёчину	1
представитель кержаков опровергнуть информация работа игрок матч	0
полиция опровергнуть слух смерть пол гаскойна	0
россия стать лидер закупка норвежский рыба	0
лондон показать неизвестный прижизненный портрет шекспир	0
звёздный война стать самой популярный игра ipad россия	0
тренер челси найти причина неудача фернандо торреса	0
президент шахматный федерация сша ответить обвинение илюмжинов	0
интервью двойник ельцин 30летию августовский путч вообще человек непьющий хорошенько поддал	1
жан рено стив мартин приехать москва	0
катар продать самый дорогой ковёр мир	0
переводчик назвать победительница евровидения коровой подставить нетаньяху	0
российский микроб оказаться полезный финский чистота	0
бог кузя стать кандидат умный голосование владимир	1
учёный определить идеальный диета секс	0
всероссийский перепись население убрать пункт национальность	1
родственник александр солженицын суд добиться захоронение мавзолей красный площадь	1
группа чеченский алкоголик получить политический убежище евросоюз	1
угнать lamborghini экспонировавшаяся иннопроме возвратить дагестанский владелец	1
sony официально анонсировала новый модель psp	0
экономный россиянин рассказать целый год смочь обходиться одним рулон туалетный бумага	1
московский суд оправдать таксист избить антипрививочника	1
аргентинский школа показать матч чм2006	0
зенит проиграть новичку чемпионат россия	0
специалист ролевый игра будут работать новый жанр	0
эксперт заявить поджог троицкий собор	0
хедлайнер coachella2012 стать the black keys radiohead	0
переход зимний время произойти весь регион россия	1
русал обвинить руководство норникеля безответственность	0
белоруссия потратить новый кредит россия разворачивание аналог китайский система общественный безопасность	1
ржд сделать платный туалет поезд	1
феникс избрать новый тактика сбор образец	0
кейт уинслет объяснить хранение оскар ванный комната	0
генштаб начаться учение эвакуация ребёнок чиновник случай разрыв отношение евросоюз	1
лондонский галерея украсть драгоценность мэрилин монро	0
антимонопольщик уличить таможенник нарушение закон госзакупка	0
правительство допустить начисление социальный выплата балл спасибо	1
фотонный нейронный сеть научить считать	0
кемерово родиться первый россия ребёнок врождённый qrкодом	1
газпром бесплатно газифицировать дом выходец россия великобритания	1
новый закон позволить проводить митинг исключительно ночной время	1
весь артист иметь недвижимость сша будут признать иностранный агент	1
ольга бузов стать членомкорреспондентом мгу	1
зенит обыграть москва локомотив догнать торпедо смочь	0
рпц предлагать избавиться имён языческий бог название месяц	1
кокорин вернуться забить	0
корейский еда признать полезный космонавт	0
лестница иаков переснять	0
украина пройти празднование 300летия победа карл xii северный война	1
пфр потратить 290 миллион рубль оповещение пенсионер размер выплата россия высоко украина	1
россия помочь перуанский ввс отремонтировать вертолёт	0
крупный производитель сахар россия оценить 1,8 миллиард доллар	0
назвать срок переворот магнитный полюс земля	0
российский банк развитие пять увеличить кредитование предприниматель	0
многодетный семья выделить бесплатный презерватив	1
лионель месси проиграть выбор хороший спортсмен аргентина	0
грета тунберг очищать планета вместе брейвиком	1
космонавт заснять орбита экологический катастрофа	0
власть испания ошибка кремировать тело джон макафи	0
amd показать внешний видеокарта ноутбук	0
русал приостановить производство богословский завод	0
лосьон огуречный разрешить продавать вместе алкогольный продукция	1
глава мэф приказать поголовно вакцинировать население планета весь вирус	1
пасха украинские дрон будут сбрасывать конфета roshen житель донецк	1
доходный часть бюджет недосчитались 250 миллиард рубль	0
госдума предложить конфисковывать квартира митинговать польза раненый силовик	1
учёный выбрать место поиск жизнь марс	0
россия1 показать май спектакль голый пионерка	0
почта яндекс защитить прочтение находиться путь письмо	1
спустя год сатана вновь взлететь шахта	0
заплатить 4,5 миллиард доллар разлив нефть	0
matsushita выпустить новый dvdрекордер 50гигабайтных диск	0
итальянец поместить владимир соловьёв доска почёт помощь борьба коронавирус	1
россия предлагать мвф сотрудничество 2003 год	0
минздрав просить весь привившихся вакциной спутник срочно прийти поликлиника обновление прошивка микрочип	1
брянсксевер хакер взломать пароль пентагон	0
выйти трейлер горнолыжный драма дно вершина вдовиченковым	0
эллен пейдж заняться режиссура	0
вор должный сидеть тюрьма жерар депардье объяснить россиянин почему навальный должный получить реальный срок	1
сбербанк провести первый платёж помощь блокчейна	0
потерять власть президент гвинея лишить российский орден дружба	1
средний зарплата китайский заключённых превысить 1500 доллар месяц	0
начаться раскопка античный город клатерна	0
назвать самые возбуждать песня	0
госдума предложить распространить закон иноагентах антироссийский идея	1
терминатор потерпеть поражение весёлый роджер	0
посол таджикистан вызвать мид россия изза некачественный ремонт кремлёвский стена	1
флаг латвия литва петербургском международный экономический форум заменить флаг третий рейх	1
гуус хиддинк поменять состав сборная россия	0
илон маск попасть сайт миротворец	1
греф уводить государство экономика	0
юрий шатунов навальный давно никто интересный	1
сша начаться финальный тест теннисный видеоповтора	0
франция объявить международный розыск мишкина чепигу	0
пол маккартни назвать самым богатый музыкант великобритания ирландия	0
собянин объявить начало работа замена плитка красный площадь	1
состав госдума увеличить тысяча депутат	1
вольский создавать политбюро олигарх	0
угнать крейсер аврора вернуть место	0
альбом сайдпроекта arctic monkeys выйти приложение газета	0
дмитрий киселёв оштрафовать тысяча рубль упоминание фамилия навальный	1
сергей собянин утвердить план работа укладка плитка московский метро	1
высокий скорость столкновение галактика мешать рождение звезда	0
арбитр матч германия англия отчислить чм2010	0
ольга бузов стать почётный магистр клуб	1
россия венесуэла создать совместный банк	0
запуск первый туркменский спутник вновь отложить	0
правительство сократить имущественный взнос олимпстрой	0
генерал подать отставка изза смерть хоккеист черепанов	0
samsung выпустить телефон гибкий экран 2012 год	0
россия повысить призывной возраст год	0
александр лукашенко обмануть телефонный мошенник повесить несколько кредит	1
россиянин горячо поддерживать предвыборный программа партия единый россия	1
цска подать жалоба судейство матч алания	0
партия саакашвили внести парламент законопроект запрещать владимир познер отмечать день рождение грузия	1
патриарх кирилл запретить прощать либерал прощёный воскресение	1
дворкович сообщить подробность блокировка украинских фура россия	0
россиянин разрешить кормить мучной червь	0
театральный буфет перестать обслуживать иноагентов	0
патриарх кирилл российский народ обеспечить всем кроме самого главный госидеологии	1
изза угроза умный голосование выбор госдума пройти безальтернативный основа	1
транснефть учесть юкос свой график экспорт нефть	0
крейсер аврора раскрасят весь цвет радуга	0
евросоюз введёт санкция против россия китай изза застрявшего судно суэцкий канал	1
минобороны отказаться серый окраска самолёт	0
россвязь разрешить использовать iphone	0
франция запретить фильм ларс фон триер антихрист	0
прокуратура отклонить иск кервьеля societe generale	0
режиссёр бумера снять фильм владимир высоцк	0
палестинец похищать вода кран житель еврейский	1
российский ввп сократиться 1,4 процент	0
роскомнадзор обязать youtube проигрывать гимн россия ролик	1
полиция возбудить дело реабилитация нацизм изза надпись володин ахтунг стена госдума	1
ирак возобновить экспорт нефть полный объём	0
китай ввести условный смертный казнь партийный элита	1
силовик пресечь работа крупный овощной рынок котором незаконно продаваться укроп	1
помощь тушение лес россия ввести акциз спичка зажигалка	1
amnesty international осудить россия отсутствие сизо трансгендеров	1
бельгия выслать королевский семья конго качество компенсация многолетний угнетение	1
мосгордума передать столичный власть контроль сложный здание	1
швейцария раздавить бульдозер тонна российский молокосодержащих сыр	1
салават юлаев выйти лидер восточный конференция	0
валдайский форум принять решение развивать российский экономика	1
путин вручить госнаграду создатель сериал улица разбить фонарь	0
минкомсвязи выделить 450 миллион рубль почта крым	0
григорий явлинский дом выиграть лотерея вакцинировать коронавирус	1
майкл джексон снова попасть больница	0
полёт су30 напомнить россия чкалов	0
семейка аддамсов превратиться мюзикл	0
bfgtech выпустить новый agpвидеокарту geforce 7800	0
госдума рассмотреть законопроект право работодатель увольнять беременный женщина	1
подписание закон обязательный представительство иностранный itкомпаний россия rule34 открыть свой офис москва	1
скандальный скульптура больший глина стать место встреча представитель московский лгбтсообществ	1
центробанк россия провёл учение перевод расчёт wechat	0
disney превратить пират карибский море ролевый игра	0
футболист тарасов развестись телеведущий бузов	0
ростехнологии закупить самолёт аэрофлот	0
ванг ядерный удар земля остаться двое королева елизавета лысоватый мужчина	1
гандболист россия выйти четвертьфинал чемпионат мир	0
мэрия норильск запретить ежегодный гейпарад металлург	1
газпром предлагать заставить пускать независимый производитель труба отказ	1
диего марадона убрать двойной подбородок	0
москва санктпетербурге выступить звезда мировой скрипичный музыка	1
госдума призвать ограничить право представитель лгбтсообщества получение бесплатный высокий образование	1
россия запретить показывать научный телепередача полуночь	1
европейский политик обязать отправлять запись весь свой телефонный разговор анб течение час	1
дочка юкос получить деньга материнский компания	0
бургомистр кёльна заявить принять распростёртыми объятие беженец афганистан	1
госнииохт годовщина отравление навальный выпустить улучшить версия новичок	1
германия выслать российский дипломат изза проведение парад победа	1
аспирин назвать спасение рак	0
пьяный белорусский российский дальнобойщик работать польша атаковать дом премьерминистра	1
футболист молодёжный сборная чили подраться полиция	0
директор федеральный бюро тюрьма сша выразить сожаление смочь посетить сизо лефортово изза российский санкция	1
ринго старр оказаться самым богатый барабанщик мир	0
группа van halen воссоединится свой первый вокалист	0
наследница империя loreal призвать ввести налог богатый	0
ахметов отказаться менять капитан шахтёр газ	0
чиновник разрешить сбивать пешеход россиянин попросить уменьшить размер блин празднование март мудрый решение роскомнадзор наш еженедельный рубрика панорама неделя	1
москва стартовать онлайновый театральный фестиваль	0
нато решиться покупка беспилотник	0
барс усилиться финн нхл	0
роскомнадзор заблокировать американский интернет время проведение выбор госдума	1
российский режиссёр запретить возводить стена центр берлин	0
таможенник сша принять участница южнокорейской группа girl проститутка	1
патриарх кирилл упрекнуть коммунист россия препятствование канонизация иосиф сталин	1
вмс норвегия получить последний фрегат класс фритьоф нансен	0
детский книга путин шойгу тайга ходить начать поступать российский школа	1
рабочий завод звезда объявить забастовка поддержка владимир путин	1
рассказать копеечный ущерб кибератак	0
социальный рейтинг россиянин приравняют количество антител	1
майкл бэй обещать эпический трансформеров	0
россия создать институт полевой антиэкстремистских судно	0
британский лгбтактивисты посетить завод челябинск магнитогорск	1
мид россия запретить цру нанимать работа российский гражданин	1
морской дно найти массивный залежь пресный вода	0
московский автовладелец прийтись раскошелиться	0
программист будут платить налог развитие суверенный интернет	1
разбиться украинский су27 оказаться непригодный полёт	0
белоруссия впервые победить сша чемпионат мир хоккей	0
обзор рынок доллар подешеветь копейка	0
жизненно важный орган задеть врач спасти жизнь tiktokблогеру отпилить голова бензопила ради лайк	1
москва зафиксировать первый голодный смерть изза отказ ресторан обслуживать посетитель qrкодов	1
amazon начать приём заказ заводные ноутбук	0
объём слияние российский потребсекторе достигнуть миллиард доллар	0
памфилов разрешить аннулировать голос кандидат умный голосование	1
легкоатлет случайно убить судья	0
погорелец смочь получить скидка покупка стройматериал	0
итальянский суд конфисковать вилла владимир соловьёв польза республика тыва	1
казань отпраздновать годовщина сожжение москва тохтамышем	0
сценарист нтв короновать воры сериал точка фарт	1
роскомнадзор внёс список экстремистский материал фильм девятый рота	1
сергей собянин объявить уход пост мэр москва	1
компания sun microsystems уволить тысяча сотрудник	0
японский изобретатель роботасборщика клубника внести база миротворец	1
майли сайрус выложить провокативный тизер новый клип	0
блогер снимать ролик tiktok поставить учёт полиция	1
россия поставить казахстан лаос вертолёт ансат	0
ик2 владимирский область внести список организацийиноагентов	1
парагвай обыграть словакия чм2010	0
турция отправить миротворец армения защита коренной население страна	1
газпром бесплатно провести газ отдалённый кубинский деревня	0
пакистан провести испытание улучшенной версия баллистический ракета	0
кактус посадить рядом 5gвышкой засох полчаса	0
росстат считать зарплата россиянин копейка	0
алекперов назвать срыв контракт ирак месть политик	0
пол маккартни устроить спонтанный концерт таймссквер	0
ильюшин продать самолёт миллиард доллар	0
вымпелком купить сотовый оператор камбоджа	0
сша дисквалифицировать выиграть чемпионат соперник 60летнего ходок	0
игра правильный время геннадий зюганов посоветовать включить прохождение бесконечный лето школьный программа	1
посвятить pussy riot рисунок снять феминистский выставка	0
орландо блум назначить посол добрый воля юнисеф	1
космонавт зимбабве заменить юлия пересильд фильм вызов	1
дагестанец сдать егэ менее балл отправить пересдача	1
динозавр самым короткий имя найти крыло летучий мышь	0
брат сестра сельянова привлечь шофер	0
власть обязать москвич старший год спать маска перчатка	1
лондон открыться выставка родченко	0
минпромторг разработать профессиональный норма потребление алкоголь	0
музей украсть соха которой сталин принять россия	1
укрепление рубль связать попытка переворот турция	0
российский рыбак украсть 500 подводный интернеткабеля сша европа	1
депутат избрать рекомендация умный голосование лишить неприкосновенность	1
роскосмос снабдить космонавт инструкция случай вселение демон иностранный член экипаж	1
российский фехтовальщица завоевать золото чемпионат европа	0
мвд россия предоставить автобус встреча алексей навальный	1
глава посоветовать российский экономика адаптироваться новый условие	0
минпромторг расширить список роскошный автомобиль	0
изза авария подстанция ольгино рейтинг единый россия обвалиться	1
обуздание инфляция россия ввести продуктовый карточка	1
кпрф признать экстремистский организация	1
производитель детский питание оказаться грань дефолт	0
китайский геймер подделать документ ради спасение свой персонаж	0
самозанятых рэпер выписать категория музыкант	0
род россия стать платный	1
минфин начинать обмен коммерческий долг ссср еврооблигация	0
amnesty international признать иосиф сталин жертва политический репрессия	1
деятель культура заступиться дом волконских	0
рогозин пообещать запустить портрет ветеран марс	1
эксперт прогнозировать стагнация российский нефтедобывающий промышленность	0
кубок мир лыжа выиграть чех бауэр	0
количество газетный киоск россия продавать насвай сократиться	1
забайкалье обнаружить уникальный ребёнок который протрезвевает пять быстрее обычный	1
день матч евро2020 дворцовый мост петербург раскрасят цвет лгбт	1
сборная германия футбол потребовать польша открыть граница беженец	1
шарапов подняться седьмой место теннисный рейтинг	0
полиция балтимора запретить раскрывать информация преступление способствовать расовый стереотип	1
украина строить ан70 боинг эйрбасом вместо россия	1
робот фёдор вступить единый россия	1
сделать ставка совместный работа герман греф рассказать готовиться объединение сбербанк букмекерский контора	1
собянин предложить крым перейти электробус	1
белорусский точка общепит будут закрыть вакцинированных гражданин	1
депутат татарстан переименовать должность президент республика верховный хан	1
роснефть купить сервисный актив компаниибанкрота юкос	0
вырасти продажа бензин роснефть петербургской международный биржа	0
злостный нарушитель закон митинг ограничить доступ интернет	1
большой театр сохранить цискаридзе право преподавание	0
украина потратить газ миллиард доллар год	0
кгб белоруссия возобновить расследование убийство кеннеди	0
тренер российский волейболистка сохранить пост неудача олимпиада	0
новогодний выходной гибдд отключить камера фиксация нарушение пдд	1
мировой цена нефть значительно снизиться	0
депутат жаловаться двойник принимать иностранный подданство	1
юрий сёмин готовый взять сборная натурализовать легионер	0
беспрецедентный масштаб подмена анализ мок расследовать отсутствие допинг проба российский спортсмен	1
яндекстакси ввести функция славянский водитель	1
госдума принять закон разрешать назарбаев участвовать выбор 2024 год	1
газпром нафтогаз поправить газовый контракт польза украина	0
вступление вто увеличить экономический рост россия год	0
депутат обсудить ограничение зарплата топменеджеров госбанках	1
санктпетербурге осудить сотрудница музей фаберже несколько год подряд красившую яйцо пасха	1
smsголосованием выбрать больница которую посетить рабочий визит премьерминистр	1
мордовия победить старт чемпионат россия	0
южный корея выбрать f35	0
надаль проиграть 135й ракетка мир первый круг уимблдон	0
россия получить ремейки игра kingdom hearts день европа	0
камаз представить иметь аналог мир электробус работать бензин	1
мексика заморозить цена продовольствие	0
москва показать уорхола коллекционер	0
госдума рассмотреть возможность использование позорный столб качество наказание мелкий правонарушение	1
россия вооружить индия противолодочный морской змей	0
музей титаник нэшвилле передать торпеда	0
образованный революционер алексей навальный получить прозвище сизо	1
доллар упасть ниже рубль фон дорожать нефть	0
румыния украсть конь президент	1
американский психопат стать мюзикл	0
турецкий галатасарай год отстранить еврокубков	0
ридли скотт показать новый чужой сиквел прометея	0
белоруссия отказаться российский электричество	0
нобелевский премия литература присудить марио варгасу льосе	1
хоккеист питтсбург спасти тренер шайба	0
журналист узнать цена первый нетбук nokia	0
долгий прощание сергей урсуляка показать ммкф	0
китайский губернатор лично положить асфальт выполнить дорожный план провинция	1
зеленский пригрозить ввести санкция против семья байдена украина принять нато конец год	1
бритни спирс возглавить список знаменитость версия forbes	0
чемпионат мир футбол впервые ввести видеоповторы	0
наномагниты помочь изучать клеточный контакт	0
илон маск потребовать запретить смертоносный робот	1
госдума одобрить введение tax free россия	0
лейкерс разгромить чемпион нба второй матч полуфинал	0
сафин выходить третий круг травма соперник	0
центробанк отозвать лицензия московский банк	0
россия венесуэла договориться сотрудничество нефть газ	0
валентина терешков предложить сделать рассказ путина настольный книга школьник	1
бывший гендиректор google поднять зарплата миллион	0
россиянин планировать перевести шестидневный рабочий неделя	1
кубок уефа испанец забить немец пенальти пять голова	0
уволить президент olympus подать суд компания	0
прокуратура заподозрить явлинский авторитарный стиль управление партия	1
день победа стратегический ракетоносец ту160 дать боевой залп красный площадь	1
возбудить дело против авиакомпания победа финансирование навальный	1
криптомонетный двор туркменистан выпустить юбилейный биткоины	1
deutsche bahn заплатить рекордный штраф чтение письмо сотрудник	0
